churn,user_count,avg_total_tickets,pct_high_severity,pct_medium_severity,pct_low_severity
No,1862,3.43605701666332,0.18691025898414,0.290503914876531,0.455531017867898
Yes,638,8.13670004353505,0.200261210274271,0.286242925555072,0.513495864170657
