churn,user_count,pct_technical,pct_billing,pct_access
No,1862,0.379241116241719,0.414374623569564,0.139329451917286
Yes,638,0.399216369177188,0.451676099259904,0.149107531562908
